titulo,enlace
Trump anuncia el hundimiento de un segundo barco salido de las costas venezolanas al que acusa de narcotráfico,https://news.google.com/read/CBMivwFBVV95cUxQVnlYRlFza1I4ZTlIbU1aM21EWnQ5Mm9QdGtxbkpMcGdjRzMwVjktTDNTY25yVkNjcDlLamhraFdfRVRSMExUY3FPRWlMam0wY0swUVI5ZmVRZUFwbVZlRjVlclhNTmQzbjlCZV9qbDl3Qm05MWg5Zmk5azN1NkU1SVZKWTRXeGxlM0VZZzFFdU1NXzdsTFFHc2ZfLWpmUHhvdEpSaVhJcnNMR2N1akNJQ0tFckFvZGpfTDJMUU5nZw?hl=es&gl=ES&ceid=ES%3Aes
Polonia neutraliza un dron que sobrevolaba edificios gubernamentales y detiene a dos bielorrusos como presuntos responsables,https://news.google.com/read/CBMihwJBVV95cUxQS3FoOUJ6VmVqWkJqWjNIS2lmRzBWNDIxMUowVGU0dXNVMjRNZXA5V0hrNlhLUUNWNjhNSDgzVzdOVDB2WG1nN1c2VFpQc09leGJmWUx2ZDFxZGs3QnpLQmFqME9qMWFBdzZqWDg3U2Q2dk04TVZsVmJ5Qkw4V1VTSTRHd1VEWUhIWktPeWoxcHgxeHNPY1ZhTkJIblFvZ2JMWjVlNzRBOGVOZXk4SXpQbXNjR0Nhem1hWDZISnNrS1BTaDVncFlEM05FZWE3a2F2UHFzeDVXQ1FxazAxUzktSUhsSXdiRllKUXcyUlFkT1lWMzZXMWpxX1JTQkFSZGFHbDd1dXhJMNIBmwJBVV95cUxPb1NONlBMTHJ1OTdSa0htRFBwZ0pZQ3VqX2kzekxkZ2pCcDgwb09ZSEFCNWotTW4xdUpJVk1raExjSWxrRkE0Vm80NS0tamJWUm1zOFJXQVQtSG0wNy1YdmxrODJxZEdHUm1qNDVwUXFsWjd4aUZrWFRxV1lPNWRqWnpra2tPNmlISzhoYVpTYlBXMjlPaTBMaWhRZVk4b3V1Q2JkeDU5MTM5T3kzX0pabjU0TTY2WjJ3QndyZFB3ekJKNFpnX1daVkF3S29xOWVmX3JLLUVVUV9zTkJzRHJDT0E4VllKaUpJenNjNzdQUDVpTXdxb2tGQzBDaFdZUTByTlg4TXJtS0g3c1U4Yzk2WWNyZUZiamlFTmh3?hl=es&gl=ES&ceid=ES%3Aes
EE. UU. y China llegan a un acuerdo marco sobre TikTok,https://news.google.com/read/CBMimgFBVV95cUxQemx2dmRGOWdPa0hPRnJYcUkwVkNwazQ1aEVjU3RWcmY5OTh0d1BJbFhRVnRacDdVa0JEWjF5SUo2ZUNDaWNwWFY3dmZrSHBXMldaODNJcGxUVEVhS1BSOTAteDZUZlpYcUwwYWZKOFZMUUt0YklzNEtmbmsxNnEzVTdlemlvRTJ3aXRJZW9XTjFBeVR3MUYycmJn0gGaAUFVX3lxTFBXdDhxVmh2Y0gxSU5uRTBDX3BvVE5HakphdWliZkxUSFdJWDlQOHgwcDhNZHpJRWVQeGkyQW9XUTJGcXdwSWRZWGxuMmtPdEpXTDhIZFF6VDQ1eURtbzhodmtWeG8waDJxcW9seWNfakNFYUlGdWZRWkZnbnVxOW1LOGZCQVNhSDVSY3I1dDlfTnFuWG5YRmZURlE?hl=es&gl=ES&ceid=ES%3Aes
La participación de España en Eurovisión peligra: el presidente de RTVE propondrá la retirada si Israel partic,https://news.google.com/read/CBMihgJBVV95cUxNUVBiR2NhN29jSE5BaEg5Q2VENUJzVnZLZjQ2T2xRa1RNX3dxSlNWcnpncmh1R3dkcG1BYXp6eE9BZ0dMZVh1XzZBUC04SEFhVXhkTm1tbGQyNGk5Z3hTYzgwTkNNQ1Y0amVIamlfeWp2YWppV1F6aEd5cVVhdnpSU0phNjRWaUpUUWpaSTdkbktFeVpkdThabm9fd2NiRFVRQ1Myc0RnMzh0TUpQb3g4dnNFb3hLd2F2d0JZT0pILXFtbDY0aEM3M1BhQ0kwX25hR3BMUjREeFdyLVlUcFRNUzMtRnFmdndyT3RXOWFmYWtvcmRWa25lQmZucnFmQ1JhLS1tcmln?hl=es&gl=ES&ceid=ES%3Aes
"El sospechoso del asesinato de Charlie Kirk tenía ‘ideología de izquierda’, según el gobernador de Utah",https://news.google.com/read/CBMirAFBVV95cUxOd3FueUVnVnJlM1YwYzc0ZFNNWnYwUzBjcHBnaExKelBQTThacGtwT1J4aDNFbk1xVlZsdXZoWHVackFUeEdFNDNOakdpZHdESTRnZkxndkhzd3JWY25vTHdlSnp3MGJoeDk5b1NNdjlnQnlMUmp2V1BjOXFZYjdtcXljbmpvNFJJN2NUMTBWb1dCM2tCRU51V2ZyQ1M0dWxHMXdjWF9NRkx1MUVV?hl=es&gl=ES&ceid=ES%3Aes
Así es la Banda Presidencial que Portará Sheinbaum Mañana en su Primer Grito de Independencia,https://news.google.com/read/CBMiygFBVV95cUxNZGtab241aHMyeTNTTXFWZnhWNnVic2ptRElMbFhVak16ZW56cVpnUnhMcGVxclJSWkRTZ0ZSMVI4OXg1cm9ldXJzbzd0bGV1cjlSblhCaDhIZkRyeXhFbzJwbjh0dHp0ZXZueWNGQ2YwTHV4QUZjcDF6NWNOWm9pUFlaQTNnMmVIMVJnM2pZcHY4OUpuSWE1cEdlVlBWZmZDM2gzb1QzNW5ETUhzVHdJbWw5czFRVE9GUm5tbEZIODNyYmI0cVVMdzhR?hl=es&gl=ES&ceid=ES%3Aes
Conflicto en Oriente Próximo - 14 de septiembre de 2025 | Israel recrudece los ataques contra Ciudad de Gaza y deja sin techo a unas 6.000 personas,https://news.google.com/read/CBMipwFBVV95cUxPanZwLVhSTUdaRnR1eDY0UTVESWNhZDVOR2l4NG5FckRqdklLX2RFZHRRZkhKcjduRW9iNlY5dk5ZQ19vZFQ0eUtfVWxwTjBmc096dTY1Zkw5ZTJDdk0zZWp1ZE1GbDY5TlVOZ1dubzl5VVNjOEl6N0k5RVFCOXN2TnBoR2t2a1ByUk1tT2VsZWZ6dGlzdVBEdFIwcHB4c3JuX1RoalNxVdIBuwFBVV95cUxNT1JDLWgzQW96dmVCb3dkM3F6YjVqdldrS1BhdWNaYmxUNjR3NVR3NGV0dGlwMk43TGJNSEZNRWlCeGxIRjBJU3NpQWFEd0h6dVR5NDZiV0hINTItVjhFX2d0RjBONzI1bkQ2X1FiTmcxVFptZmdlR1lGQkxpSk1hNGxTNDZzNUdzM3FyQS1GbnBJVFNhZGU3cGpMM3NwSFkzem1PanRvR0pyUjVUTGZIUHdBNVlDYTZZb1Vr?hl=es&gl=ES&ceid=ES%3Aes
"El ‘Estafador de Tinder’, protagonista de un exitoso documental de Netflix, fue detenido en Georgia",https://news.google.com/read/CBMi5gFBVV95cUxNcjlwQ1c2dm1ucEw5bTBPWlFLTW1YMEQ5ZlBzM0k0UmNQOVl2TGJhNVJoczNpWmtZUzU1Y0JWNnZNeTdZMWVRT2lHTEhzSmxZajJ6X1VoeFZqdzJyRG9OZzNyMEEyOXl2bTRkOVRrTUFxSkF6enlkbTFpMlRSVGxOQXVPdm5NVUxveHdSMnlORHEyR25vanY0ZlVqYzNSZUx6NUVMSTZSSmctTFZUZHJ0NjJULUR0ZzZuOHBTY01XZVgxZ1Z2RU1xQWNtOXJ0dDFMSTg0WHBJRlU4TjVDWVpwWlZMZGJRd9IB-gFBVV95cUxQUDFqbHJmaVdtLVUtRzE2SEEtcjZuZnFoMm9EVzRCMmRoSUhvUThhRS1NX3JWUTVxbHVxMHJOQnFmTmRfVEVNTVBuQXpfVFU5MXQzZWdBNnRKVUl5SEpzeGVfYWZVSlctVjkxV0FEaE96Z3hoYUVDeG1PSnZ3Wmd4T2RuTGRqM0ZkdVFMZlJDUEVyTS1CZDVZYTZSYkNkdjRab3FSUG5NODRJNU1VVk42ZlFvMnU2bVRsaHNPc1ZULVFDX0M2UjlEb3FuUWlRcFBkZlhJM0ZfRy1QSHE0eGZKci1KMlpId091N0puNDRORDZtN0RyY1BndzlR?hl=es&gl=ES&ceid=ES%3Aes
Rusia lanza un misil hipersónico durante las maniobras conjuntas con Bielorrusia,https://news.google.com/read/CBMi4gFBVV95cUxOa2VQaERrSkM1YXFOajZqMkw0MTdvYnlXSlo0UUJLOW04MDg2QUloQVhvaTNVOTZaTHpEY2RMcjU0UENuSEc5MnRDUC01MEtTWDcycklTVGdOYW1IMDNsSjR0TXFJaWlSM0g5R1A3amZBVzZ1bmRQYmFZeGdfLV9wYTZaTFBNMWR5bkZ4TjVMb3FEOGFRaWVfbVVuaHFQTFdsRVhIMWRURlNzempoV1hvdnVSUk5nSUF3dXNzRG1oTWhmMnEyRDBzWnFDaUVuZWlKZFA0RkR3akJTaVMzdVlpOG5n0gHMAUFVX3lxTE9uNUF6RWhqRHhEdUlsTE5uUVJ3b0pZRzBjRWc2aEU4aEdXa2VVeEJ3VjVwNEN3VE9DeWVxVmVsQWlINHlWTFllRXNSUDB6ZXBPY2U4cDZtVGlmRXhjTENDR2tqZDd4WUlsR280SW1sUVhqN0Y3dU9iMDBQd1hZSk53dl8xaGFiRmVwSjVlQjhOc3E1OVFELVBoV0VQT3czbU5VUGR3LW4tZ2w3TUlLNHFHT05wWVBiZkJ4UnJSQ3BrYkVyMElXWGt0Ty16dA?hl=es&gl=ES&ceid=ES%3Aes
El emir de Catar desactiva el discurso de Israel tras su ataque con una doble pregunta sin respuesta para Netanyahu,https://news.google.com/read/CBMiwAFBVV95cUxPR3VjU082OUFkUHBaeTVaVW94VGltNEI2ZGxKN1NuRW9XbFh1SDJ2Zm1oZEpHc3UwdGxSMTZYcUllTkEwckw2bW1vSTR5WmhubVhfZUc3UUpEOGFWa1IwWk5jYzROMEdCOVVleWNjaVYtamxQUGNReWNzOV9MSHotMkNJSFphQzVFNms5Q19EclI0UEtJenk4QnZfMnFMODZyN0QxQUZCdk1ZLVhIbG5KTlpQWkNWNTVpbWFkSXhpQkk?hl=es&gl=ES&ceid=ES%3Aes
La relatora de la ONU sobre Palestina denuncia que la cifra de muertos en Gaza podría ser 10 veces más de lo estimado,https://news.google.com/read/CBMigAJBVV95cUxPZEYwOWN1MTQ1NFVBcnVTbHlQNFl3bjhYS19yR2huOV9jRERGTjZCaFZuclpIeksxY0lGZ2ZWRUNwSUNqaGJBcXNvdXM3dzF6ejBnaHhTaVdyX1QyeFJLNUh0R181UDBBRXZLRmUwdTA5YVRELTNTckE1RTBFb29qWU41MHRTcDl1elQ3UDB6Mkg1TFRKYzZMREJybHRFN0N2UXQ2aG9uNzFDdXNSeVhfREVlRjFhVkNrS1g0MDJrVmlsX284UlNkNmVnRWRjang3T21KR25jejZFQWprZDRCQ3RwTmlxY3p3TGFCcGVuQV9DRWlvZWxlajJGUS1sYTJn0gGUAkFVX3lxTE04M00wVGdESnotUkZpMm5JaWQtTHJoSGpnSkRXVE9VV3BwWEVOdFFGZzJHeTA0NENsUnN5NmZkVXk3YU1WUko3ZHZVTXlxR2ZFcjVyZmw5TlNjVjZXX3lBdXRFeXBMaW02T2YwSDJCME92SUtyRkhrX1hOQXNadjVhWFdTY2RmdDFRMzVaZy1vVy1wb2lLUU1JZHdmT3NwUndEYXZMUERSZ245YUhCRHpRV21fT3R1Sm9KY1RscVJJOGcwNHIzVTBHX3RPYTJyUEZaMGZiQVBxZUo0azdIM0ZtdllUUzk4MFpaczdCUjVyTFYxcWpVZHVkLXhlMDlNYi0yZUJtOTdWY0FZOUlIQlVReWtDaA?hl=es&gl=ES&ceid=ES%3Aes
Talgo desatasca el pedido de la alemana Deutsche Bahn e inicia la entrega de los trenes Intercity,https://news.google.com/read/CBMi-AFBVV95cUxOeVM0YzQxQklFMmdvUklFeEhnZ09GaGdnZzE1OGlnOHVTdDVNMFo1SUJfV2NzSml1NjE2UUVDYVBTb0xzaWVnQzR3cDhkVTlIV0JESElHSFdUeFZVY0ozOHM1b25GVjFyMGVhSHhRM2xGdjZQR2NhME9lU09Jby1zV1owLU53MnFpSExodlZvV2lBeEtyMFJVNy1MU3RlcjlsV0x6MGFjOWtIM0d3aEtmbDU4VXlyS2wxRlZkZl9lTGZKTndHcEVBOGhCVWRvc1lKeVhFb3FVOGZublczYzB3WU5fc0pqYkJ1bmZ3bm41M2NaTDk3OHdoRA?hl=es&gl=ES&ceid=ES%3Aes
Europa diseña un “muro de drones” para blindarse frente a Rusia,https://news.google.com/read/CBMirwFBVV95cUxNWWQwY3RZakVRNmxFWjRIOVdTT3prWWhoeU1PVG9vTHdBUGFTLVFwbVRPcDFoZEFGTExiZlRSOFVZa2ZLd05tOXktYnNpLUZpaTR3VHllQy1ET2NtM1lJQmZGbEROZkptUnJ4elRDdl90RmwwQWJ4ZTdZVVZlWWcyV0FqOEZfdEZjLXJkQ2tyNkgxclI5dUJERVRFTVhHU25Ua1dPWHZJM0lvQkRBdmR3?hl=es&gl=ES&ceid=ES%3Aes
Elon Musk dice que el Reino Unido necesita un cambio de gobierno “revolucionario” en un mitin antimigrantes,https://news.google.com/read/CBMiqAFBVV95cUxOYkk0Vy1HbGo1NDVySzBxb0tIM0ZEUjN0YVM4ZFoySHV2OEY5ZGU4Nl94Sm9oRk9pUlpuSlRVR2l1UEZPbUdCTm0zOWM2eEZBT25WcGNfV0ZrRDREcjJsYkJUX3Zobl9wQzg2NFkwLUNIN2dnRUJwQWtFWklxYllXNTJuWFJIX1JBVzkxckNEcFFSSEE2cW5EQUZFOHl3eERoUkxJWmNBVFg?hl=es&gl=ES&ceid=ES%3Aes
Un informe de 80 organizaciones internacionales señala a Carrefour por el expolio de Cisjordania,https://news.google.com/read/CBMizgFBVV95cUxORkZkS1hyZG1zcGRQUWpiS2JVTURrZUhPcGNzRENNSHhudlJ4MDFiaEg1ZE5MM3BJX0lfdU1yQy1wZjJHZjRiZHExMGxSNndDd1pJUmV1VDRSdV9paGR3TFNoN0lwRmIxNnAzbWxkMkNJV0pPQVFYOVBBZDdkNHZNYVZ5Tlc0ZmotZjREN01rdjZpUFdJOVJKZjFuSXhHc3dEeFhrYWtNYmtiekpENHktbmhPMm9pUWZmRGpNY1NTajhob2pXb0M2eS1mTXVBQQ?hl=es&gl=ES&ceid=ES%3Aes
"Netanyahu asegura que la visita de Rubio supone una ""fortaleza"" de los lazos entre Israel y EEUU",https://news.google.com/read/CBMiigJBVV95cUxPc1RnZldBXzlTZmVJa0VjMnByOGwxanBpc1d2NGt6MWNKQ1FtZjU0azBERzRmQ2gwaE9QREU1d3YxcHViZVFZdDh6RlhHNVBod19Bejltb3Yxa1Q5N0ljRGhJNjFrWGg1R2NuT0RNcTNXZUhSSXVfaldsbzF2NU82dlNOVEZrOGRudDgxcnJPc0RQNEZuOEtDdEtubUlnUk0wQ3l3aDBvQ2RVMEhoN2hMWnBGOTE4WkNyNWhhZ1o0eWdJdGE5SE9Nbm1VMGlua2F1YjRIY0dSbHVyM3FkTmtNem8wYnV5b3I5VnQ2aUJJRml5ZnFEcjBHT3l5TG1fRm1WYmM0U1hmWnFhQdIBngJBVV95cUxPYm1SMmV1N292TzAtaWFUbFJoZnE1QU13bVp2U2k0d0lpdjdxX1pxOF9jc25VdW1jOG5mR0thZ3lITHNzbEUyM05PYUlIT1pOd3BkSDRFSThoUFNqZFdvQ3U1bndZSHlHMFZyQUdsQjA2SU5iU29ZOE0yejE3ZzR1dGxQbDBadHdwMWNDME5yY2J5RXdqZEt6eWt2dHZIUUhhRkgyQXdSRmNNcnRBdmJFS3hRTlNZYmxnQ0lQZV93cEVxVUtQdkFvUGhKNTA0WkdrMFNUZlFTYmhtQTF4Q05NN0lrWHRtN2xJQzlrckFqbEZCZDZ4dDM3ajduUnpSdXNtdTJTemE2bWcxUmppYUp0N2xDWlpRcUV0OUdGT19R?hl=es&gl=ES&ceid=ES%3Aes
Polonia y Rumanía hacen despegar sus cazas por la presencia de más drones,https://news.google.com/read/CBMizwFBVV95cUxOMkd2RUdhaVlNZ2hGTzNEaEdoQm5lakRyUDRUbjY1YkhTTFRlQUhvdlptVTVEU0Z3ZnNtVTRUMThNdmVDekNSOEp3R0RhZmE5cmxZNGhuLTJhWERzdFJDcWI3WjJ3a0ZYSzFMWWx0Y3AzXzVnQm5yRWdxbTdzay1zMzU4aDBMNXhQNG5xZDJyV004THNOeXo3NDRSdzBkYi0yeW10TUZDRUIwdkZ0cDAzNTI0QTlxS1NETVVvc256UDNvYjRlWnZCRXROeUcxVzjSAc8BQVVfeXFMTU13bW5WX1NYUl8zazBqSVp5NkFsY1pjYmFhck9XYjNmVGRtWks0azFzZzZ4eW01TEZ1Mkc3eTFBZE5zdHBNQ01tQks1akRtQ2l3WVhHZDJCdVBHT0JnVmxqMFAxNlpCT2xFYWo4dlN1TjRkZk85YWFZLW96N3RJN3JUc0RkVWNNMGM4RUhLaWRCVGFZbWw4TnVMc09MRUJoR3NjT2RmZUJkSmoxeDF3bi1qYVptSUlrdTU4QjFGRjBTbGhTVXI5ZGJFTENrNUpz?hl=es&gl=ES&ceid=ES%3Aes
Marine Le Pen vaticinó que una moción de censura tumbará al nuevo primer ministro francés “en algunas semanas o meses”,https://news.google.com/read/CBMi-gFBVV95cUxQTVhwcXlYYzdWSlgzRndlZVVXc2VwU2FYRnZvdER3V2lwcndJX0FRbXR0NHhzSVAtdVNKNVVaWWQ0dDhpZEVLZkhxWnFVVUdKcnlYUzFSeVNYNXo2anY3UDhxOVhrQ3ZPVXB3aE9ndEZtU3VSOHczN04wMGkwMFIySVotWkx1TDFid1Fhb2s4WVphMG81MHl4aTM2NGJGU0g5T3ZKMHV5TlZ3bWw2c1B5bXJ1czZRWURFZV92ZmxobWFWZnNrVXAxMGtXVFgxWlRVRlZJYjJrM1VValRGWTB4c0VLNFJ4SHNRU24wUWREbnpwVkNzMEg5QlNB0gGUAkFVX3lxTE5uZmI5N3doa19kOVFoRGVYVmxfX015VHY2MFQwdE16enQ3S3h0M21KWG0tX2JlQVM2aWVlUlRwWHcxV3ExbkpXWnlRZ1BMak5pbHd4LW5tajFYS01jUmthUmZ3VXY4MmVUV3E3SWt0WHFNNm9mZVJKTTJxaW5DVkoyb0RVUlJsX3ZsejZNZ0ZsQmxXN2xZdTF0SGRJTHhLckdSQ3ZfSGpTLVlRbFZNRG9Ga1F0cjg5ZlVtU1U2Vlc1U29fb2dGclZwaF92TzRmNzNQLWk1U0JaT2xoYmZDY0RzWEoyWmVQR0RmU0lJZVBjSl9hSC1lU0p0ZVM1b3hwNUxDN3BySXFNWms1RjNiQUpFaDMyQQ?hl=es&gl=ES&ceid=ES%3Aes
La CDU de Merz gana las elecciones locales del estado más poblado de Alemania,https://news.google.com/read/CBMiyAFBVV95cUxQUFpJV1JORENBZUZMVnVVcUJybDd2a0pmeVRZbElKSVpIbkEwTFluNEJxN0xsT0xVX1E5N2lMZkdDLWxuWEZGenNOR2xqdFgtY05zbTdXaERIYzJQd3lXX2tOQ2p5alFVVGlEYTJweGRLMEx5ZWx6MDJ5Vk5BX09sX2JEWUZsOGRUd2p3MW5QOGhFc0lVV0s5cGVNelJvQVl4clRRM0paUjZQUkVEeXZmOHVVMHNUUnBPaVpvcW91bmVaemxZbm9WdQ?hl=es&gl=ES&ceid=ES%3Aes
Brasil: expertos elogian la condena de Bolsonaro,https://news.google.com/read/CBMihwFBVV95cUxQWUdJSGY1RnJYQ1IwaHp1R2duOFdZeGRHMG96Zlp0QTNvV1FUT1hacjN6aHYxU1FiMjJ3Z2tqLXFRQkNzb2NmWXNRMkRFMk9JT3NVTUZZY190NFFaSWhDdmF6b2RaQmJsb1FMalhId1U0Z2t2b3dxVklJeGlXNkVqVS02VXJUSFnSAYcBQVVfeXFMTnk3R2xGUFM2a2tiSHJmbjk4cjFDb1JFVWE4WUJ6TldERmNmMTFsS2RlZkxNMDFEVC1DVDBmU0JTcEpOYlNLQ3RCbl9GcWN4eXk0ODhZNkJkeDFuUkN2R1ZrTzZQVmJkckdEanp1a093R185N0tLdEowTjZfd0ZYb0dVQ3ZwbFRZ?hl=es&gl=ES&ceid=ES%3Aes
Muere la influencer mexicana Marian Izaguirre a los 23 años tras haber sido hallada en estado crítico en un hotel,https://news.google.com/read/CBMihgFBVV95cUxOYjIwZ0d1eUpwcDNiaDRSZDB3NW5ydTRxcXJST011TFFhcW5oOWtidm5FeVpHaDBpMVlXZDJZYzFRR3A5NnhodGtLV3pwZ0l6cXUtV0ZMSUR4NXpyMFZsalVvVkpoYWFGck40bDgxbUw1a0FhclFNZmEyaEVmUHNVeVhfQjE4QdIBhgFBVV95cUxOTF9QNGVEc1Zmazd0TVNkZ0ZVdU9iWWxtaXdUVDBZQXJiLWMwN1pzRzdWU3hibW9ScHpmTUtsUVlQQTh0VHZMOTh3QmlRV2E0TnFKYTNMXzdGWjJvX3RoLXFBMHo1X1Q1RGtxaGtibnlMTmY1SkJocUl4YUk3ejhJUHZEQ1hfdw?hl=es&gl=ES&ceid=ES%3Aes
"León XIV: La vocación es “una aventura de amor con Dios”, no sólo un conjunto de normas",https://news.google.com/read/CBMiogFBVV95cUxQb3BqMGkzSkhrSTZkYzQ2SmFlU3RGNzE1dHZGeUtqaWFMbmY3dHJSeVc5bVN4c20yQXdZWU5KZUNKRjg2ZDJaVnNMcnBtNGtBRWN2WnJLNzNqbW9lZWVvN245N2ZiUGJLZUQ4OVJCTFJyTnZiVlE3MHhIY2ZsT3BSMGdqUy1PNUdzV2poLXVnbjVleWV5WlNyQzJ4YXBFX3NUQ1HSAacBQVVfeXFMTXdaZHZzYWx5NWNfVm5tcmZDc2h0MTJTcExvcE5ZTWlRZ3dRZk1HSlJ4bTVaUVRqYXpyWDBheFVlTGlNNTc3N2VwOVRub0U0cWpKOTM3dkttZGpHaGhUWl93WWdBbjBrWEdabC1MdTdyRUNzX00wbFFxZmtJM0JQaFFrbG1nNUdJVVBIWnVuTW8zVmk4dUpHRFVhcTJQUTBxdTBqYXpvMlE?hl=es&gl=ES&ceid=ES%3Aes
DIRECTO | ¿Por dónde va la Flotilla a Gaza? Los barcos arrancan la última etapa tras realizar cambios de segur,https://news.google.com/read/CBMivgFBVV95cUxQZGtTUmJKVFV1dm9vQk9MQURjRzROS2RFV0dsbmY1Q2FrYmJPLTdVX1QzRlVHOEV1MW5NWVJKM3dhQlRseGtYNV9iYk9LSlJtQjZybFVCUURvUWxFRW5VS0NpeVUtaGlMSWFlaUZyTno5WF8xdmZ2bGZIOEkwNmhMcThCNWpiLTVkWEN1YUQ1VVNDaVVJeXhhMlVrNVZBclBTQS1WWmtMdDVCSmM3S2puNF9ONW1UQ25uWUhKcWRB0gG-AUFVX3lxTE5jUktmU0tGcWo3QkNpNXpNTGQ1R3VYYWoxUTRIR3J5ejBKb0lOWV9vOFFCRTFGb3lqY1NzV0RZbEs3ajlUcEU1ZDFwbEpVMlBtRlRjMFZoUFp4cllrbU1VMTlIR1JaMEJELWE0ZUtIN1RDQVZ1M2xwbHZxZi1FdTc0dTlkZElMTDJyZkpqZUF6WnJndjlsZGs2YW5Sb3FxdEFFV0E1WmMtbWkwX2k2ODY1dW93Wi1RWUExdkFKMnc?hl=es&gl=ES&ceid=ES%3Aes
"El Papa: Superemos el odio y la violencia, tengo mucha fe en la naturaleza humana",https://news.google.com/read/CBMiuAFBVV95cUxQb3RFV2NLLWhiQ3BCaXVaQW4xTHMzbFhuTF9Ua1MzOThHaXVJNGE5OUNmaWQ4cE5rbDRwWFpwUnRNQzlsaFhNWTYyejhoTEh6WHptenNIUmY0Z29aSDhqbVNuOV9qREVvdWZLdGlUQWI1ZUQtLXpycDNMRVBUeVBlX1NMaFNrRnpJc3FuQmRvOC1uaFVtVllmNGZOSEVBcnlVLTNBQTBaQ2ZIQ3BiVUJua2Y4UmJUUmZm?hl=es&gl=ES&ceid=ES%3Aes
El 'metro europeo' revolucionará los viajes: conectaría a 39 ciudades y circularía a 400km/h,https://news.google.com/read/CBMi4AFBVV95cUxQaHl6MUNNZkdvOXdtTlZYcDRidk1jSjRFSy1sR29Ja0ZvNGl0aklDcFNUODlKSDlDNi12S2dJM2ppS2wzclRrQUUtOURFcDV2dHFOQlVHMVE4aWFCM2E1WGY3OXVTeldpWUV2b05VWnJpUzU2clpYQU8wSVdLdE9RbE42cm5sTVBKUnFXbDhianZiVXFBUmJHSXJwTG81X0pudTZyMlpDT2JQUXZkTHhJYllIUWlyaEJhYW94a3I0SnA4R1dDRkR6clhBQmpqdHNHbHg4ZVhxd1U3bWIzc1lHOA?hl=es&gl=ES&ceid=ES%3Aes
Pyongyang: condición de potencia nuclear es irreversible,https://news.google.com/read/CBMimAFBVV95cUxOdERMejJuczVfMm5uYS02R2hLQk1odUdhb1p4YktoTy12bjAwQzRrOW9JSHRBbmNwbjlIRVNMTzNDZl9LQ0NUeHR4a2hfcGtjRzJQRnczR0tUOGlVVkRJTzg3ZWw3Qk53aURySllnY096a3pteUJINHJqRFM5VElzaGIzWE1ZWmdYbllWbXdnd1ZFS2IxRXVsRtIBmAFBVV95cUxPaFhzZ0hCS2RyNEhBSGh2ZzJjQVlnZEFOSFhhZlhDN1VTckt5V05Jb2wxTWt3N0d0WHZfNDlickIwbXVqXzczejRSU2FYY3dBbEFRUlFkYnFuUUV5UFBoY3dzRmIzS1kyb3JSRWpBS1k0UEJER2ItM21mRFhFNW5hUU9ER3VzVm9Ia2ROd0ExOWY2aUFpdFJRSQ?hl=es&gl=ES&ceid=ES%3Aes
Corea del Norte aumenta las ejecuciones de ciudadanos por ver películas de Hollywood o escuchar canciones de K-pop,https://news.google.com/read/CBMigwFBVV95cUxQQi10WVVLQlJPdW85TDk2WFhMVHYxbnhhZ2hFTk93RnNpbDRYTExoc3p6cFRtQUw0QUc0c1A1aWZsdlpQLWZjMThfc0pOeFlXZkJvU05LakdjRHBIamR2MktiNmdoU2swaGZXNVV4WVNmZGFVVzl0Sm1oOHkyWmFrR0d4NNIBgwFBVV95cUxNMURSVDI3ZVlpX21KRGZpVmFKdFpsVThtaEY2WUU4OFV6LURXVFNSWlN2MWtBcDJwVERFV3d6aE9mSktrakc1UHA5YXdLTGVRQVM1cEVnQjNoLW0yQTVlY09tbGZETnhMQk5GSlcwa08zOHNtVDY3QWhUTWhkUlE1OHVGRQ?hl=es&gl=ES&ceid=ES%3Aes
Los grandes países de la UE se oponen al objetivo de reducción de emisiones para 2040,https://news.google.com/read/CBMiyAFBVV95cUxNUU5GZXJ0WG9NN18wVjNnMEs1THNXVFp5cDhkMGhpNWF4RXJJbHpERzVfdlV1enRQeFZIbVpXRkdON0ttU3F3djBjZHAxNmRlMWhtdmRveHItWFlTb2JYVG5FaUtsZzRzZWQxQXNYVW5WMHNGWDYxd2E3M1NCRjdtZXJEZGg5UWNTbmlMZ0loSGdFNExsUVdNcDlkUXdQc1J3N0VrNGpSRWxwaExyZFVvaER3bDFfOV9iV3JsVE1zQXhiMkFOcG5VStIB3AFBVV95cUxORWRId1Uxd19iVkRVVUhZblMxRHVSbVNHc2dSODA4QktZVVgwM3MxOWdrcWpwanpoYkFheENTTzZ6dDNZalFNYk5QTTV2Zi1QN3VEdVJldlJSbUdNeEw3UWNwWlVKd0t1NzJ1S1JUeHVUY2lMN3NSUEthNXhuOXd2WXVLWXoxN0ZCLUpGbUFkREdrZVlFVTN2bUE5NWhJMlFMd1IwNnYwdzlGQV8tcFFIREZwUEQtYURhemhfamJWU2U5aFdpaktWWEI5RXh2NUtCN19hMmVnNHZQY0RW?hl=es&gl=ES&ceid=ES%3Aes
La rebelión deja a Nepal y Katmandú sin hoteles de lujo,https://news.google.com/read/CBMitAFBVV95cUxPZjVDalhwWTBjcWUzU3k4Z25zTXlqZVk5MVVGRlhmYmtmdkRyRnI2UmdFNHkxWVNhQ3h3NzQ3TFpDY2tHT3huMEJ4QnB2S211eFZwRXpZbXhUQVdHT0tUMnlZdVVMcWFtQXhDLXZ4aC1pODV0SmdFakxKR09DbnFTRUNMNG90YVRIdFc5YmFyTHVnMFJjYVVaelhKX09RX1JNZ2xYQjNPa2tDV0JtUjl3V1p6WkM?hl=es&gl=ES&ceid=ES%3Aes
"La conexión de Marius Borg, hijo de Mette-Marit, con un terrorista y narcotraficante condenado a 30 años de cárcel",https://news.google.com/read/CBMigAFBVV95cUxQN0pHdzdRMDZUTHdONnNrRC1URkFDZ3BOQXZJZ3d4ZFUxRGVaWUd1QmNnSHRhZHZkd3JTakhtQ1YwNmRDYklSbG1PU0FlYldhZlVjT0ctR2J0WEQxU3E4NEhGUC1PTW9zZ2FFY1lsaUlYdlJfR2dlZ0FoeURGaVh4ddIBgAFBVV95cUxQaTB2aDE3ZFVDd1NrYWhjaWFlRGkxdVdqQWR1ZEZGdXlQc1MwNGQ1YVlCa0k3S3cwWFBHTHhzX05EQk1rbWtoeHQ2dDlpMzBTaGlQMXJtOGlZckFfbFh1bTBrMTgwcnR4ZlpjMWM3STZ0M1JnbzFoMk5CZGVjSV93SA?hl=es&gl=ES&ceid=ES%3Aes
"Basel Aadra, ganador de un premio Óscar, denuncia que el Ejército israelí ha asaltado su casa",https://news.google.com/read/CBMi6AFBVV95cUxOMTl4VVlJNEt0bnpvcTBrQ2FlQ3FEZW1DUFdCcVFlVXI4T2JWMG83eXhWdVNKazFnUDV5VkxJS21TYngySlJLVmdpYzhSVGd2SmZOQmpkMk9fTGVCOXQwWjBpdVUycVV1dVlLVnZuMkgtMDhpdzNnekVvbzVGaDl1Y2VZblVpYldjZHI3emVjNk9JeE44QUdjdW00TERkdGZnTTVydFZMSjNBZnNDekFSTlhqR21rbXJVOFg2cml3bWZDNzFoSzZNMi1WeDQxb2RrSlg1U2loVWJKV0Y2OHhMTWR0ZURMREpz0gHoAUFVX3lxTE5rLThvRXRROGs4WjB5cEg2VktMR0VNcVFqMXcxOHQ0Vmtvc1djdnlSSFQyX0xySFFkUjBJMnJ2Zm9fNldCQm0zOHV6M0JsOGo3cFlZRUptOEdUR3pRUG8tblBHSnhvOGlYZW90Q093LUF5RVA2RmEyWS1jeXVVQXA5UXRlWEVCbGE3U1hqa0p6RFJuVC1DSTVOVVN1emlzSTNZUjdQaEpnbDZFckhEbGJ6R2pGM0tvM3lTSF9LQnhBdjFoVUxiblJ6WXNzQXRES3EwNnlrNzFHeV8yYTB3dWFmT1NlMWZWaFg?hl=es&gl=ES&ceid=ES%3Aes
Cada persona que busca alimento es una diana: así funciona la masacre del hambre en Gaza,https://news.google.com/read/CBMioAFBVV95cUxOWFhuT1F5VElUb0tUdnppOFRKMlk2UjFiVFdWZ293bVhPZElpNGQxNHBTY3JoN01oWVYxVXZDNFRZVG5XdzRGbWgzbHdBVG9jRkJOYVdIY3YtdmYyTEFMSjhkcXExY1VYWlFON3Z4Y29xMG1nTGN5YlVtcUxsRXlmcmhqQlZZNVBtY0R4OHZWamMxckZremcxb3dxZ0ZqQmcx?hl=es&gl=ES&ceid=ES%3Aes
"León XIV, el desaparecido",https://news.google.com/read/CBMid0FVX3lxTE8wdHhXTGVwMDcxMkJoUUFPTEpmM2V5RjJnVGdCWHljdTU3a2M2QzBFWXFmQUxPNV92UlR0NXBoTGgzZkU3anBqWllkMEladjltOGM2S2lYZzdQMDBZai1CVVdRNDdXX0xkbDVaaDAwVW5oNFdjSVAw0gGLAUFVX3lxTE1NVUhUSEtCWWxib3FwZ0tGY2ZVU3cxUm15Z2NnN0dCeWFIUWhRMHE3TjJwV1I3UDZqV0hlM2R6YjlrWDlwakNkUC1DRlJ5ZWJvR25nS3hpajZDeTRxM2g4RGlQTjl2QmhzaEc0bXJqVnFaVGw4ZE5FeW5BVmo0Ukd4TGNIbm1xZHVDblU?hl=es&gl=ES&ceid=ES%3Aes
El cumpleaños al Papa y saludo a los representantes de Iglesias Cristianas,https://news.google.com/read/CBMiuAFBVV95cUxQb2dYWXpxVFloUEEydjItOER5N1RUSzYzRVc3aTVreDNiRzFlMi1weGFtcEVQbWNMdGdyMmg0aV91bHNDcmQybzUtRDZ0VFFwRDBoNHdTZWYwRG5MVkN5U01KQVlYVTZyZWdaVlVIbC1SYmFvNUllMm5sOFliU1JCQVFfYU9GVVZNd3M0ODBsRUtPWk1PZ2doTUxFaGVDX1MwS3FSQ1h1NGEtQURRbDNIZ1NPSjlVeTlD?hl=es&gl=ES&ceid=ES%3Aes
Sánchez empieza a sentir el aliento de Europa con Palestina,https://news.google.com/read/CBMiowFBVV95cUxQTFdXRUk2ZXI4emlQLUsxdzIweEtDR1IyTGVZTllDaXBNTDRhQ1RvUnJpV3dWakk5cG9Nb2EtX1VBM0xFa1RMODR0Y0s4V1lBaFF5WFNqai1mbTZSRTNyWHpjcm9UR1BZcEJNWlhkTzdwejFMVWgwR09fZkVEcVphX2gtUXhDR1NDZGtYZWpBdzVCSW5EemdKOGlweU5fQVkxSFM00gG3AUFVX3lxTE8zZnVDMHZidHdjWEFCNFgxaVp1YjM4aVk0clNPb29KYXNhcFVfVlJyTnJfa3RuSTBXQkJGQndSRDZyaDMzeWJEZl9xQU9aUk9lMFEtelpOTXBPbWJUd000WkVIMWFKRV8xUmkwZ3lJZnRPOWxOZzcxUmh4YlU5cFJOZjRXNkcwQlltQy02REpZWmp3Y0laLUx1RXpuR1hvdDdYLVNYRDZlNWU3ZVBDRkpac29aWjc4NA?hl=es&gl=ES&ceid=ES%3Aes
Un hongo resistente a fármacos se extiende por los hospitales europeos,https://news.google.com/read/CBMiywFBVV95cUxQME9ldTVkZW5URTF0MThBOTB5dS03dzB2alA5U05YbzRUbERyNHV6aXNySXBmcE02YTBsemlYc2FPZXhhZGk2S2M0VFRjT3ptcE1FZGpsOWlEalA1WG5GcWcyeDFVMV9GNjdaMDJvV0Fya1J0dlRldzhqWDI3bFA5QTE4dFZna3VqVmRHaVUydmpfeHEyc0dzOTZtUlpQU2Fsbm5FNVlKOVJiMG9BN2hlcjJrbVlYZTZ1alA2MmNFWUhBVnZtSFpualVONA?hl=es&gl=ES&ceid=ES%3Aes
El último desafío escocés: una ‘tribu africana’ acampa en un bosque y declara un reino propio,https://news.google.com/read/CBMikgFBVV95cUxPQXNtcUlpeDdyeHRqTTBJQXM5bld5UFItT2xFcjkwT2NxRjh0YzVZdEJmLU1hVjROY0d1OU5UNk5XM3dBMmVuMU9UX01YMHNkZ05DZklhT2Y5bjJwMEtydVpUMWVwTzVPTklRM25aMVJrNGhOTEM1OTdaYkE0bjFLWW1TNHl0YWRRdzAyOFhkTW5nUdIBlwFBVV95cUxQbVlFa0VHZ0l0VWdmLWg4aFA4MzdpaWRLQllEbkV2bHdOZF90SkZBVXpQbHZMWkFGNUFHN08waW5XdlpocGx4WXk0dm1jNk4wel9vUkQtSWZ2MnN1U2hOZ3lLYjJFNHFLUE1aNlg5SlBPWHlOWEZ5akp1bXYtQWdLdzRUbWR4Zk1rSUgyUGJGQTN6ZldkRkJF?hl=es&gl=ES&ceid=ES%3Aes
Un estudio científico afirma que el incremento de las olas de calor es atribuible a 14 responsables,https://news.google.com/read/CBMikAJBVV95cUxPcWtxSVJkVWRjRnVMNDloUjJaM1pYVm9uU24zaXd4NjhGVFVzVEttdWdVNV9rS1lVeWkydEpFSEhQSEtmdVVkVGJHR1ozMzIxS1h4eFZmdllvN0NGNnlFQ3htU0lZRE5nOVVCS3dUVDh6Yl9NU2EyWC11UTZZRUNkNmxranQyUWNhdTI1bE5lQmhseENLU21SUEN4LXJwRFRYaE9OZGV4Ti1lYmlBZjFfUU52b2hmdXE4cnMzc3U5aXI4ejhSQXlaa3JraDNESFlING1sMFpBX3FKd1RmMHlRQ1FIcl85NmxNYXZOUEFycGdHWFFVV0NvNmJ2djJMa1FQYkZjU1lCeUpMRmhoTnl0eg?hl=es&gl=ES&ceid=ES%3Aes
Violencia y varas de medir,https://news.google.com/read/CBMifEFVX3lxTFBaY2hQNEQ3bWpWSW0xaWpMajRLTlFYT2E4MVhkcGM5MWtnZk1McWF2dEtTWVhRenItVkdpSHpNejQySTFiVEF3cnJRUmNIemNfaEVEVjFqNlZDbTd2OVUwWHVDdUZqM0NnVDBpaHBYOTc0TTE1Rmd4bmJNcTk?hl=es&gl=ES&ceid=ES%3Aes
"Iryna Zarutska, la joven que escapó de la guerra y murió apuñalada a manos de un hombre que la escogió «al azar» cuando viajaba en tren",https://news.google.com/read/CBMijAJBVV95cUxPMnJOTnEtbW5CZVBhVWd5cHAtR2l5cU5zM3NSU3R5TU9ZZlhYc2xTelZJNkdjeXRESEFCLXhrRDRpNHlXX3lKNUhmM1VVRVlyNkwxV3hBUEs5REdFQ3p4bUNlTGV1TWhKeVUxcU5DaFM2ZWxOR1o3R1VIcm4xV21DX0dTcERqc2s3TzFMT3dGWTRDMVZpYUZGcHFQXy1PYVZfLTVsR3dleGYwOW43NnlybWNORWFIMUlQekVTY1czUFA5SFZJTGZvYlFMdG1xMnFfbnpuUFpRT0F4RXhvM290QUdLX2g3VGc1dVBBdV9EWHNmejlHMWloQnl4NlRlYnhnMEM3Z2dlekJBUkpn0gGoAkFVX3lxTE9mQW40WDU4TDFWS0JRdTB2clRvSW9kTkZjTlIzZjBUWVhGb1Nxd3A5Y2dCUFBNTnl6WVVQdFFCdTRpSmJHa1dleDJWcWl5VnJiWkRXRkhnVUNNYjhmUGIzLTRiZVJHM2lOMm85bzF0S2NiYUJ3Qkk1Nkh4VERfOHhhMTM1YUlmcEpacDFYMnB3VW5lYzZRWDB5OEhPZ09mNlNJRlBOZnR5NUg1a1hCdVljWnlLVlBRNkI3QTBENzI3Tm14Rkp2S1pFODBuMjMwdVFyeUtFNVBlNlR3YmRLM3QzMHhkNmFLVFE2eURTY29NYTZ3UkR0Y3FHUkh4VTl5Smg2bGNoTmhlS2xjMmVRRDVoRXVDNnJfcTRFaGVKTXA4bzY0aWc5WFRJ?hl=es&gl=ES&ceid=ES%3Aes
La dictadura de la proteína: ¿hay que incluirla en todas las comidas?,https://news.google.com/read/CBMitgFBVV95cUxQaF9FZkhsY2VNd2l6d19fU09HeHBEdFQ5b2pmdUxxcnZ0aFRmVEcwTVlQQ1R2VHRwODk3M1plekU3bVpaNEZZcHQ4ZVQxa2IzVlF6emtSMF8yZUMzdGJlT1NTdHZBWWJTVUlkTEk0QXN1TEVadVlBOWt6WGVQZzZTek9xMENNeTFTZmxjMmNvT1RUQWl6aW5QcUhHX3J4d3pMdFJYOEFxVE9VYkthcUNUa2xIbFBMd9IBuwFBVV95cUxNVTY0UHdRUDl5VV9pdzZwTVdrRnJYemhjNV9rV19qNm5LTENZdEJyMnlSMmsxTU5pMG5YS2lnLS1kQ0JHX2M4SElsU3dhNUFQMlJWTmZYWmJmeUdadU1GUEpaRzBobXBET3RyVWNodXpDRUVhMFNfT1dSVms0aVJQam8zcDFGZ3RINUtzUUpkX1JZZ08wbTFnTDlPX3lQNkx2bHh5TnhJcEd1TlVuRUdlejBHdEktZVBsME40?hl=es&gl=ES&ceid=ES%3Aes
El Parlamento aprueba una iniciativa para exigir que se incluya el Cártel de los Soles en la lista de organizaciones terroristas de la Unión Europea,https://news.google.com/read/CBMirAFBVV95cUxOQ1Bac2NFQ0NFX2M2NlVSVmY2MFhzUm9TVHVQWlBnLUE1dDl6X2hsX2doVzdMQ2QwZWwya3MxTVQxNkVaZDJ6bkxsZjg0czItRUVKa1dQNnA2R0RER0hCUWF2QzJpdkhIR0EzdTdRR0U2bTJseVAzY2JTcXlXczJwNndxcFhQUVlJZGE3VWFUNThVUmQtbVlpS2FwYndrMlZxbFFaNDIxTU53RW5E?hl=es&gl=ES&ceid=ES%3Aes
Venezuela amenaza a Guyana y Trinidad en caso de ataque,https://news.google.com/read/CBMimwFBVV95cUxPWWFITnB2VmpEWkR4d256YU4xSThidHpqQnNWYy05WEl5aGFXWEhkSERtSGEwUmhMdDFUMGd5emJ5QU1VNGF3ZkxIN2hFMXFncmpHMkNVaVZtdDUwRmtTQ0dzQXhFTzQ5LVF0c1JRZk1DNjI1bFJhZ2dISWlpd1RHU3NDbC0wT2ZwdjItVUVfNXY0QWFHa2tLTlNfQdIBmwFBVV95cUxORXE3bDUwa3lmRlpnWkFhOWpXTmwzcU5iTW1DTDc2cHNkZWNYQmVyS1VjSDRBeEN4VDMzUUsya3o1ZTlDVEc4NWRBamc2VEpkM0Q2YjQtc2xlaUgzZXlrSVl5ZTRDYk5uV0hDSGY4QlZvU2tJcHRIR2tmUmtSdXFTTEJNSXFBQXFLTXRSZm9oM0NIRWZZTGVMckg1cw?hl=es&gl=ES&ceid=ES%3Aes
Transportistas públicos de Pichincha suspenden la paralización del lunes por el retiro del subsidio al diésel y sí habrá clases,https://news.google.com/read/CBMitAFBVV95cUxOUnVybkstTUxaeDM1ZGY5RERoeThLUUk1ZlI3a3VYd1VFUm5ud284NDdtYWRkVThBVUVhMGkxVFlFYVBSVy1vVEc1ZVZLekdCRm1PQkY2bnZNNXQ4VVIzdzJ1UEZUcDRZUUZJMXVSTmFvSnp2U2RpeU5BY1RpZC1LdWNmVVAwa1g5SHpuVUw4UVlLMEpEcnFRZDZHcmYtbVFMRnFjYUZFWHNUVFhZQld4aDNJalo?hl=es&gl=ES&ceid=ES%3Aes
"""La mayor crisis de su presidencia"": las definiciones del Financial Times sobre el gobierno de Javier Milei",https://news.google.com/read/CBMimwFBVV95cUxOYVBGX1JFWWpPRWU4RnZhRGxqUlZjdUhxZDlPSXdxZUhudTFCdENwWnhmekN1MTJzS2loeXpQRndaZUx0RHFTdTh2cjZFdmdYRkNRSGNFcl80NkpYQWFjTGxPLW9hRk5YYlhHcTdpbmpwTVJpdUw1Qm1aaXRtVmNEY3NNTVotcGNHcHR2cEw3dHNOZzI4d1hKbDlUbw?hl=es&gl=ES&ceid=ES%3Aes
"El efecto Ricitos de Oro, una clave para medir el efecto de las pantallas: «Algunos empiezan a apuntar a que este es el punto óptimo»",https://news.google.com/read/CBMi8wFBVV95cUxNYmdnLUcwVnYxdWtHOHd4LURVNjNXMXNTSjJMaldKN21WYmdLWkdhSjFKSGJBU0N0TmN4ZGFCVXl0NXJDaVI2WEZHU3F4eUxjVWl3d2hFTGc0aUFka2F1LTVoNHFZeUNKQV9lcEdzRG5vWVFkSVBNS1ZnUWhXdHg5UXJQdnhZdUNxbFQ2QWp3VzRURWdPTnhZbm5ZcDgyYXNnSFpkd1hJNFMyQVV5T0doQTJVaktGa3N6cHNJWHdsWXVyMnE4djlzanJWT0NEZ212dGlaTGFjX2FiRWNVQnB0dS1oemxGaWZ6MXJabENLcUhjOHPSAfgBQVVfeXFMT01mV0tkWXdyZE16UXlDV1c0R0cyUWI2bFpjMjdzV3gwRVNCUmpKMHoza0lYbWw2Ynhld1pfTEtBM2daMEhuRnFtM0RVS3NSSmpNd09MRDZYbHJMUUM2cmFrc09GVXZzOUN0aGN4WnVoMndibm5FeTAwNlFqSFVtU1hIMzRXMXFBX3dVS0ZZeEw3MHgzblJBZk90NWxHSzA2Z2RraTNwQkVIQzlkLTI2NVNFQ1FueldLRXFnOGdoYkNyMXkycl9UTVBldlozbjB4Ty16elpUd3c3emFvNmprQTdRVmREWkxnUkdTa0g5SWNfUlp5UkFJVVA?hl=es&gl=ES&ceid=ES%3Aes
¿Adiós a las gafas de cerca? Un colirio devuelve la visión en tiempo récord,https://news.google.com/read/CBMiyAFBVV95cUxNMFRhb3R1cnBOUFpzRnQ0NTRxVl9XVmtjbjFYMWdtOXJ3dG1nSTE4R3BmaFJndEx3RjFKaGZJX3VmdkgwZ0JraWZJelJLVFJ3Q21NajYtS1ZuTm8yeTRWekJwME1EbXJzSzgzOE1fWEZhUFZqRkxzQnA4VmFMcURhUUw0ckVNelFWUHRHQ1FOTDhKQV9TcjJnNG1zMW9kUHNrQkw3b3V4RlhPWE5iV1dKTEtiWGQ5Qk1QSWJPOVl2UEJ1c0JMU1BWcg?hl=es&gl=ES&ceid=ES%3Aes
Al menos cinco aviones F-35 de EE.UU. arriban a Puerto Rico,https://news.google.com/read/CBMilAFBVV95cUxNS1NLLTNob3Y5aVJ6Q05Uc1Q0cndxaHZBd2VMS2E0a25tSnlSVm5uM0ZVRUZZQjlpNFRfaXRaMWUtNkdGUDlTX2RGS0V1WWpCYkNvclhvLVRZRzJnQzhITVhXVm9XMk9EYzNnMmQxbTFnSTRGSjZyMDhLYTVGU0R2RmhuVnpNVDVPanpxM0lSZE1OdTFr0gGUAUFVX3lxTFB0N0ZDcU1BLU1mWGRzSklSSE9reDRBaDcxdUVyeWVWQ2p0MmNTaVExSVdWdmQ3NWhncW80UlJNbk51c21VeXhaNEFBdU8tQU5qMHhfZWRBSFFnVEdxTEtkam1mNXFCWDk5QVJkQmRpbDFuVXVFcUVjQXA0bWh3T2dlX2tHeTlLVXBEdXhYeVBCMlltSzc?hl=es&gl=ES&ceid=ES%3Aes
